runner_weight_kg,impact_force_newtons,preferred_shoe_size,load_score,stiffness_profile
70,1500,38.0,0.41666666666666663,Medium
65,1400,37.0,0.0,Soft
80,1600,30.0,1.0,Firm
75,1550,46.0,0.7083333333333333,Medium
68,1450,39.5,0.225,Soft
72,1520,39.0,0.5333333333333333,Medium
78,1580,40.0,0.8833333333333333,Firm
74,1540,42.0,0.6499999999999999,Medium
69,1480,38.5,0.33333333333333337,Soft
76,1570,43.0,0.7916666666666666,Firm
69,1480,39.5,0.33333333333333337,Soft
76,1570,38.0,0.7916666666666666,Firm
